{"cameraMode":{"drawMode":0,"name":"Shaded","section":"Shading Mode"},"sceneLighting":true,"audioPlay":false,"sceneViewState":{"showFog":true,"showMaterialUpdate":true,"showSkybox":true,"showFlares":true,"showImageEffects":true,"showParticleSystems":true},"in2DMode":false,"pivot":{"x":32.55459213256836,"y":-0.7947636842727661,"z":-8.387036323547364},"rotation":{"x":0.10797738283872605,"y":-0.6684026718139648,"z":0.09896960109472275,"w":0.7292351126670837},"size":22.0,"orthographic":false}