{"cameraMode":{"drawMode":0,"name":"Shaded","section":"Shading Mode"},"sceneLighting":false,"audioPlay":false,"sceneViewState":{"showFog":true,"showMaterialUpdate":true,"showSkybox":true,"showFlares":true,"showImageEffects":true,"showParticleSystems":true},"in2DMode":false,"pivot":{"x":50.99568176269531,"y":2.9902663230895998,"z":-13.793190002441407},"rotation":{"x":0.14771918952465058,"y":-0.3320563733577728,"z":0.0527365580201149,"w":0.9301271438598633},"size":4.376140594482422,"orthographic":false}