{"cameraMode":{"drawMode":0,"name":"Shaded","section":"Shading Mode"},"sceneLighting":true,"audioPlay":false,"sceneViewState":{"showFog":true,"showMaterialUpdate":true,"showSkybox":true,"showFlares":true,"showImageEffects":true,"showParticleSystems":true},"in2DMode":false,"pivot":{"x":78.37540435791016,"y":5.952062606811523,"z":-18.190250396728517},"rotation":{"x":-0.04525645822286606,"y":-0.19797492027282716,"z":-0.009150798432528973,"w":0.979119062423706},"size":5.392605304718018,"orthographic":false}