{"cameraMode":{"drawMode":0,"name":"Shaded","section":"Shading Mode"},"sceneLighting":false,"audioPlay":false,"sceneViewState":{"showFog":true,"showMaterialUpdate":true,"showSkybox":true,"showFlares":true,"showImageEffects":true,"showParticleSystems":true},"in2DMode":false,"pivot":{"x":0.18301922082901,"y":5.612017631530762,"z":-0.6088629961013794},"rotation":{"x":-0.15918344259262086,"y":0.6147263050079346,"z":-0.12845930457115174,"w":-0.7617548108100891},"size":0.9027900099754334,"orthographic":false}