{"cameraMode":{"drawMode":0,"name":"Shaded","section":"Shading Mode"},"sceneLighting":false,"audioPlay":false,"sceneViewState":{"showFog":true,"showMaterialUpdate":true,"showSkybox":true,"showFlares":true,"showImageEffects":true,"showParticleSystems":true},"in2DMode":false,"pivot":{"x":76.54248809814453,"y":3.2853219509124758,"z":-1.7212004661560059},"rotation":{"x":-0.021031251177191736,"y":-0.20654265582561494,"z":-0.00444128829985857,"w":0.9782015085220337},"size":3.7893362045288088,"orthographic":false}