{"cameraMode":{"drawMode":0,"name":"Shaded","section":"Shading Mode"},"sceneLighting":true,"audioPlay":false,"sceneViewState":{"showFog":true,"showMaterialUpdate":true,"showSkybox":true,"showFlares":true,"showImageEffects":true,"showParticleSystems":true},"in2DMode":false,"pivot":{"x":-166.18057250976563,"y":50.63740539550781,"z":110.22831726074219},"rotation":{"x":0.13410808145999909,"y":-0.8593549132347107,"z":0.28717032074928286,"w":0.4013196527957916},"size":159.17254638671876,"orthographic":false}