{"cameraMode":{"drawMode":0,"name":"Shaded","section":"Shading Mode"},"sceneLighting":true,"audioPlay":false,"sceneViewState":{"showFog":true,"showMaterialUpdate":true,"showSkybox":true,"showFlares":true,"showImageEffects":true,"showParticleSystems":true},"in2DMode":false,"pivot":{"x":32.86446762084961,"y":4.676453113555908,"z":-16.5816593170166},"rotation":{"x":-0.0056065162643790249,"y":0.35563385486602785,"z":0.0021328891161829235,"w":0.9346061944961548},"size":2.478425979614258,"orthographic":false}