{"cameraMode":{"drawMode":0,"name":"Shaded","section":"Shading Mode"},"sceneLighting":true,"audioPlay":false,"sceneViewState":{"showFog":true,"showMaterialUpdate":true,"showSkybox":true,"showFlares":true,"showImageEffects":true,"showParticleSystems":true},"in2DMode":false,"pivot":{"x":0.12027649581432343,"y":1.2189090251922608,"z":-10.275630950927735},"rotation":{"x":0.07630553841590882,"y":-0.05620592460036278,"z":0.004307845141738653,"w":0.995489776134491},"size":0.14358942210674287,"orthographic":false}