{"cameraMode":{"drawMode":0,"name":"Shaded","section":"Shading Mode"},"sceneLighting":true,"audioPlay":false,"sceneViewState":{"showFog":true,"showMaterialUpdate":true,"showSkybox":true,"showFlares":true,"showImageEffects":true,"showParticleSystems":true},"in2DMode":false,"pivot":{"x":7.068911552429199,"y":17.334503173828126,"z":-4.556486129760742},"rotation":{"x":0.12599064409732819,"y":-0.24808329343795777,"z":0.03255995735526085,"w":0.9599587917327881},"size":1.969667911529541,"orthographic":false}