{"cameraMode":{"drawMode":0,"name":"Shaded","section":"Shading Mode"},"sceneLighting":true,"audioPlay":false,"sceneViewState":{"showFog":true,"showMaterialUpdate":true,"showSkybox":true,"showFlares":true,"showImageEffects":true,"showParticleSystems":true},"in2DMode":false,"pivot":{"x":0.03883320838212967,"y":15.593010902404786,"z":0.4090106785297394},"rotation":{"x":-0.06404455751180649,"y":0.5894537568092346,"z":-0.046961139887571338,"w":-0.8038887977600098},"size":1.39521062374115,"orthographic":false}