{"cameraMode":{"drawMode":0,"name":"Shaded","section":"Shading Mode"},"sceneLighting":true,"audioPlay":false,"sceneViewState":{"showFog":true,"showMaterialUpdate":true,"showSkybox":true,"showFlares":true,"showImageEffects":true,"showParticleSystems":true},"in2DMode":false,"pivot":{"x":28.01313591003418,"y":9.582201957702637,"z":-102.56843566894531},"rotation":{"x":0.35661524534225466,"y":0.1033007949590683,"z":-0.039710674434900287,"w":0.9276732206344605},"size":12.44444751739502,"orthographic":false}