{"cameraMode":{"drawMode":0,"name":"Shaded","section":"Shading Mode"},"sceneLighting":true,"audioPlay":false,"sceneViewState":{"showFog":true,"showMaterialUpdate":true,"showSkybox":true,"showFlares":true,"showImageEffects":true,"showParticleSystems":true},"in2DMode":false,"pivot":{"x":0.15832531452178956,"y":15.418299674987793,"z":0.09943735599517822},"rotation":{"x":-0.09058777987957001,"y":0.9017830491065979,"z":-0.23074345290660859,"w":-0.354032039642334},"size":2.2879323959350588,"orthographic":false}