{"cameraMode":{"drawMode":0,"name":"Shaded","section":"Shading Mode"},"sceneLighting":true,"audioPlay":false,"sceneViewState":{"showFog":true,"showMaterialUpdate":true,"showSkybox":true,"showFlares":true,"showImageEffects":true,"showParticleSystems":true},"in2DMode":false,"pivot":{"x":-8.279868125915528,"y":8.068273544311524,"z":13.539584159851075},"rotation":{"x":0.22892440855503083,"y":-0.24002620577812196,"z":0.05835742503404617,"w":0.9415814280509949},"size":22.0,"orthographic":false}